val_true,val_pred,val_error,test_true,test_pred,test_error
850.2687808992629,823.66406,-26.60471839926288,2211.59580695996,1939.9637,-271.6320618427726
732.3589024183926,794.1299,61.77098039410737,2280.6489935806685,2076.4517,-204.1973334244185
678.8960181994524,715.9807,37.08469469117256,2473.845496797472,2188.502,-285.34354367247215
658.929489802253,666.78217,7.852675725090762,2238.9496070846412,2318.2842,79.33457260285877
560.8970813359729,645.8811,84.98402217965213,1990.094999623395,2221.4084,231.3134476422299
578.6216885926018,583.96277,5.341079962085701,2153.6907818775794,2027.0154,-126.67540101820441
630.2942496249427,578.98566,-51.30859288666147,2066.1657319631386,2078.5837,12.418008271236431
671.394151360581,655.3762,-16.017930657455963,2244.918887180484,2041.009,-203.90985397735903
684.1898910231264,723.31635,39.12645419171736,2085.963206775975,2135.705,49.74187134902513
790.3987801570263,765.7397,-24.659095098432545,1958.0027191793802,2043.6918,85.68905328155734
888.742843955045,851.383,-37.35984834957628,2071.0214832438073,1929.9564,-141.06506234536982
780.4988147395231,1007.6927,227.1938732487581,2170.026683587765,2057.2505,-112.77619530651509
855.8344443192026,923.3134,67.47897120814116,2088.978190982919,2119.8076,30.82942620458107
1048.2769922329496,969.0189,-79.25807133451212,2194.3029775466675,2073.0244,-121.27856348416753
1054.7195364290287,1090.363,35.64350068034628,1946.311092405564,2113.8325,167.52142712568593
1147.395514249075,1099.5096,-47.88587069438745,2000.4942963346477,1907.3364,-93.15787055339774
1087.7016088728028,1170.4117,82.71013429125969,1977.826652322385,1879.3634,-98.46324900207242
1335.3860123080397,1108.3125,-227.07351230803965,1896.2880893088823,1853.6007,-42.68738130106976
1367.376304015991,1243.5485,-123.82784210192858,1781.1119446834323,1792.7849,11.672967425942716
1378.756967878418,1344.0939,-34.66309580810548,1467.5015717210963,1703.7206,236.2190093335912
1388.6942588658926,1389.1877,0.493485274732393,1372.5694567061892,1173.7709,-198.79858268275166
1539.0341587390485,1409.9204,-129.1137485827985,1265.3156541035048,1231.16,-34.15561992381731
1427.1376392247728,1482.6802,55.542536556477216,1247.3839434630706,1168.1313,-79.25259580682064
1473.9922047868595,1492.5078,18.515607713140525,1292.0785190045135,1156.7494,-135.329129356076
1483.6316190546397,1504.955,21.323337000047786,1268.3636090923183,1182.7817,-85.58187081106826
1312.5092553474535,1519.9844,207.47511965254648,1333.158629981977,1171.6675,-161.4911495132269
1514.3725926163224,1430.0427,-84.32986800694744,1279.5256024206578,1210.6925,-68.83309753784533
1260.6495432141287,1476.8328,216.1832204577463,1319.4345646560282,1315.5294,-3.905145710715715
1346.493727883235,1380.4033,33.9095924292651,1623.8158168132209,1372.5747,-251.24110978197086
1312.5788258528994,1424.7903,112.2114573502256,1973.4069150593295,1573.7218,-399.68511330151705
1718.416400394002,1391.8995,-326.51686426118954,2111.887542769652,1871.321,-240.5664978477771
1347.293795772947,1730.6693,383.3755157504904,2192.9873367201767,2097.6174,-95.3699050795517
1596.7490513721825,1516.6366,-80.11245469249502,2644.8910553149585,2181.515,-463.3761627368335
1636.6467603649096,1668.5432,31.896452525715404,2567.083711688383,2523.8752,-43.20846754775812
1698.59116588272,1693.9493,-4.641825062407406,2203.190623916468,2519.382,316.1914561616568
1938.067421538474,1666.5975,-271.46988735878654,2279.9127021450176,2159.6633,-120.24937206689265
1707.986995129003,1774.7872,66.80023631630957,2490.50068575428,2222.2578,-268.24287325427986
1733.6900403102,1703.009,-30.681007107074947,2305.3401447532046,2373.9019,68.56171071554536
1841.1081255226231,1673.61,-167.49814017106064,2095.1420973801564,2251.7144,156.57225808859357
2161.3632616369887,1702.0084,-459.3548387854262,1723.9446486477095,2086.8086,362.8639451022905
657.9383109315417,699.9342,41.99589317002085,2081.1307751031068,1752.5477,-328.58304561091927
768.8871009588238,648.56757,-120.31953504085504,1997.1993401184777,1935.3052,-61.89416433722772
711.0564178097873,706.8679,-4.188497887912263,2087.8984061457336,1964.2047,-123.69369423167109
659.1901902107169,701.1804,41.99022971115812,2007.030950471163,2027.8998,20.868829802274604
749.6101741701603,665.63983,-83.9703426271916,1993.4027168756597,1990.0491,-3.353644610034735
741.6765785413166,711.4785,-30.198062916316644,2050.5631938972765,1974.4996,-76.063560108214
744.2006594817861,720.3219,-23.878760067723647,1852.8176237972398,2006.1975,153.37988596838522
770.4306746586396,801.73376,31.303089989797854,2260.101911431882,1884.9346,-375.16734111938194
816.6323008593384,840.1624,23.530113691442807,2332.809032560419,2055.8115,-276.9975091229189
944.0664957396175,902.6974,-41.369108044304994,2187.7317010518896,2203.0183,15.286609494985441
1033.0178256529016,988.2343,-44.78351168805784,2720.5146709566657,2132.4028,-588.1118389254157
1403.101053125804,1137.656,-265.4450472664289,2354.2470329818743,2477.0447,122.79764475250067
1394.9940242791079,1419.1362,24.14220618964214,2166.098857228967,2334.2935,168.19459980228294
1515.3357188940824,1435.1664,-80.16933705814495,2267.191332129649,2204.472,-62.7194083015238
1532.6021110973113,1529.5848,-3.017272230123808,2487.129155854926,2206.7256,-280.403569917426
1593.9633897771082,1536.0391,-57.924327277108205,3074.3045839233755,2255.2356,-819.0689882202505
1767.7250294773974,1580.6608,-187.06426287583486,2602.983521838104,2561.2188,-41.764771838104025
1755.439370034392,1689.6251,-65.81424796407941,1908.324088728386,2435.518,527.193977677864
1956.0920984980871,1725.5182,-230.57391002152463,2317.11437850012,1863.4661,-453.648314046995
1841.721153975295,1834.7689,-6.95223307685751,2055.204072337933,2046.1338,-9.070283275433212
1666.8229203804162,1843.1012,176.27827590864626,1009.2137042695614,852.13776,-157.07594792190514
1635.6669849474688,1744.2213,108.55432852909371,887.9361585434375,907.9744,20.03826772609375
1812.5691338868073,1692.2778,-120.29130185555732,980.2644528387798,854.2085,-126.05595674502979
1852.75074543512,1755.879,-96.87171711480755,841.2439046459759,900.65875,59.41484779543032
2134.9247105298846,1824.5728,-310.3519566236346,820.8570080795766,829.3311,8.474107643079606
1865.2240160161589,1968.2318,103.00779550727862,880.9160882462463,799.48724,-81.42884459390257
2469.135957517272,1898.0281,-571.1078813453969,830.4177856527439,827.6746,-2.7431640707126235
2628.394889104165,2112.0264,-516.368521916665,951.6630891899305,891.838,-59.825076494617974
2347.1440622246487,2383.8184,36.67429715035132,1132.4177266958193,989.9361,-142.48163050441303
2288.246307474489,2290.0232,1.7768858848858144,1210.5319781598153,1137.5815,-72.95043519106525
2050.9035781293715,2233.4797,182.57615819875355,1318.3121619691435,1265.2914,-53.02078013320602
1729.0558486090474,2093.995,364.9392685784526,1396.104804457692,1408.8248,12.720024643870602
1874.0304343710343,1822.1573,-51.87308573822179,1487.4671822698663,1469.8611,-17.60609828549127
1975.542359786048,1874.4769,-101.06543107511061,1514.5425651971966,1530.0238,15.481238513740891
1867.2817580601597,1909.5082,42.226420650777754,1659.0402435517037,1535.3351,-123.70516054389122
1600.5976384369765,1794.6791,194.08143871146103,1754.8097341180485,1643.7987,-111.01102806336098
1568.6099735189011,1575.6886,7.078625113911357,1541.262313802441,1724.381,183.11866764287151
1342.4419067375607,1490.0015,147.55955810618934,1485.579039331147,1553.0941,67.51507687979051
1092.5102031572073,1299.7867,207.27654000685516,1366.8312187510148,1496.9113,130.08003613179767
997.8214138978377,1087.1342,89.31274137559978,1308.5825733059876,1425.884,117.30145989713742
652.340779193936,634.6066,-17.734150775967237,1462.9987376368472,1370.8481,-92.15059310559718
702.0778604841099,626.78564,-75.29221595285992,1587.2667810685232,1428.8523,-158.4144861466482
636.5498915633746,666.9553,30.40543070225044,1362.3720749620393,1536.2334,173.86132347546072
673.6484480784552,649.3486,-24.299876301111453,1473.073775024327,1464.1284,-8.945357055577006
660.951309560566,652.62195,-8.32936131837846,1637.3164243011076,1491.539,-145.77748387142015
676.5697817235882,655.4753,-21.09450096186947,1449.1430612382194,1588.9741,139.8310598555306
675.219201903906,669.7638,-5.455407958593469,1390.9550961102066,1546.6702,155.71506990541843
714.451464885832,736.8704,22.418957477449226,1493.6689211504834,1488.0632,-5.6056887286083565
756.7816401743764,786.6506,29.868933556092315,1434.5957091607593,1507.0294,72.43370978455323
910.6731147073106,844.90546,-65.76765816434181,1410.2662867596603,1511.4742,101.20795640440224
928.452342874663,947.54846,19.09611903939947,1641.2354360213662,1485.773,-155.46248680261624
1280.3521033003547,1052.4609,-227.89116580035466,1424.546032810255,1715.55,291.0040160178701
1496.0275636145275,1317.7131,-178.31442884890248,1762.7197828868811,1584.6013,-178.11846452750615
1476.509069095221,1504.7739,28.264856686028907,1511.300034186591,1774.6449,263.3448632743466
1291.7597635682857,1509.8391,218.07934775983927,1492.1269329308432,1620.3695,128.24257390509433
1466.4158063739053,1326.343,-140.0727887957803,1704.7301597337405,1522.7198,-182.010311100928
1548.191727161131,1445.4122,-102.77949571581848,1535.934267924348,1566.4653,30.531064106902022
1496.5321947695968,1494.7806,-1.7515551211592992,1339.3403355013297,1515.1542,175.81383930335778
1641.260577150071,1491.556,-149.70454687663346,1504.8945704592745,1353.1282,-151.76639663114952
1517.6552891073406,1571.5195,53.86424214265935,1326.1061106281452,1376.17,50.06393331716731
1588.9842546540908,1553.2706,-35.71362477127832,932.5980688080858,1022.03174,89.43366947316417
1536.995088969705,1582.9801,45.985013569357534,725.9171257912526,889.7078,163.79069891577865
1678.298113650054,1579.2593,-99.03883630630389,681.4365769592592,729.9399,48.50330341183451
1713.5666371805241,1641.5746,-71.99205221958664,627.5044948974559,664.09033,36.58583713379414
1765.5389183252425,1703.5807,-61.95822984868005,853.8715606757862,620.83185,-233.03971253125496
1630.777248340078,1751.9087,121.1314430661721,613.6630833061355,769.2041,155.5410182563645
1948.3516066039435,1698.9763,-249.37528824456854,672.2425530407228,644.63544,-27.607116029004032
2258.0519799529848,1807.3378,-450.71421139829727,723.0715054831571,711.88007,-11.191439565188375
2096.781394110665,2031.0693,-65.71205817316513,731.6541752160666,773.2347,41.58050495971463
2191.6501733257055,2061.8354,-129.8147241069555,1179.1111281803999,826.21405,-352.8970778874311
2005.7452355355201,2122.1826,116.43738165197988,984.0357806885353,1113.7834,129.74766657708972
1639.5384115849295,2072.5784,433.03995755569554,1249.4402560878884,1077.407,-172.03327366601343
1698.3326706703558,1789.6417,91.30905296245669,1244.7730182500984,1299.013,54.2399212030266
1742.3889316036984,1781.6001,39.21116605255156,1231.6616065723726,1282.7072,51.04554674793985
1701.0323297610632,1763.8038,62.77150324674926,1310.7911817322872,1276.4739,-34.317304779162214
1280.603218117061,1664.291,383.68779750793897,1615.648917504595,1333.3376,-282.3112710202199
1143.6296616775307,1325.4971,181.86740863496925,1202.7944211899423,1561.2291,358.43470478662016
1224.44504085849,1144.7327,-79.71237484286507,1093.8132510500604,1249.5365,155.72324797337706
986.5144236381828,1116.7583,130.24387714306715,1184.9022802403622,1128.4971,-56.40520992786219
933.9778081272168,976.10803,42.130224099345696,1069.1892928998989,1171.1287,101.93936920947613
802.5483354970397,823.4849,20.936588819366534,1123.248175890114,1137.8495,14.601311414573502
725.298028100393,767.7911,42.493048559763224,1092.6379152424836,1154.9606,62.32265604657891
670.6493005595936,722.6036,51.95427610056265,1144.4161624333378,1153.061,8.644872722912169
674.2616753575395,657.7927,-16.468950748164502,1059.675023844218,1180.7683,121.093286702657
645.0156790149572,653.4462,8.430549012386564,1157.1999844628176,1157.5642,0.3642245215573894
717.6545864871,626.5485,-91.10606353788125,1091.7161126067015,1191.7776,100.06147528392353
777.5476092515004,674.6555,-102.89209167337538,1253.9771948524228,1190.444,-63.533225125860326
772.4079029780954,790.1757,17.76781723674833,1054.0968052894,1243.997,189.90014295278752
805.724106530167,841.9759,36.25178458311427,1083.9469766799145,1189.9705,106.02348230446046
939.4751459125408,890.4939,-48.981249428165825,1223.2946285968926,1203.9537,-19.340893245330108
957.5171824570386,990.29895,32.78176773827386,1199.8058971562746,1278.033,78.22706182810043
1135.3756675751872,1081.4332,-53.94244003612471,1341.3031040288633,1376.4395,35.136349096136655
1309.4450981320697,1218.7488,-90.69631883519469,1288.2599865484453,1490.3472,202.08718142030466
1152.8426888490822,1348.957,196.11434240091785,1610.8258027776355,1450.5342,-160.29162309013554
1019.1750720245257,1203.7513,184.57627074891184,1610.6213873478719,1635.854,25.23261655837814
1104.9291541763105,1063.5249,-41.404251832560476,1502.3492724920957,1596.1671,93.81784176571682
1139.2750042553132,1114.0825,-25.192484724063206,1335.7919477744042,1539.9044,204.1124711709083
1395.1293672862912,1113.0569,-282.0724825206662,1503.876859273257,1390.9441,-112.93276747638197
1286.8226415387994,1276.8982,-9.924448179424417,1554.941724673321,1386.2408,-168.7008799467585
1285.4801426776623,1318.4452,32.96504775202516,1177.8149595130274,1462.1234,284.30845357291014
1480.0045968526022,1315.1632,-164.84138884478966,558.7014892089203,525.8475,-32.85401606438904
1313.1288275781017,1398.2335,85.10469292971084,543.3604753184992,551.7859,8.425413353375802
1315.222922398023,1394.056,78.8331078754145,526.4103247737849,543.40466,16.99433831215265
1397.49002401612,1382.9316,-14.55838339112006,596.5807952737936,549.36395,-47.21684263707482
1449.249087292056,1410.2065,-39.04254432330595,628.812376757941,560.2536,-68.55877568372227
1550.3807145138824,1460.1343,-90.24643717013237,910.7136388042723,605.95215,-304.76149036677225
1283.8893926090402,1528.6284,244.73902535970979,1034.982007968617,778.83185,-256.1501598240857
1555.583709452701,1413.7031,-141.880584452701,1163.2598723206677,987.42957,-175.83030689098018
1521.2805684391853,1478.7485,-42.532033282935345,1665.5999490852967,1173.804,-491.79599400717166
1488.862518176319,1553.8336,64.9710999877434,1510.6453630931205,1522.5673,11.921897649066977
1757.2474086099003,1549.4989,-207.74850724271278,1797.9865215059008,1605.2568,-192.72968556840078
1547.3441671874455,1795.4845,248.14032988286704,1574.7063113895836,1856.67,281.96373255572894
1648.3412422258255,1691.0988,42.757512656987046,2163.4435465585716,1645.2888,-518.1547281991966
1566.2553280721766,1746.1742,179.91886626376095,2161.716112723845,2036.4686,-125.24748479415757
1879.5421811715426,1670.504,-209.03815285123005,2703.6134262251053,2122.3245,-581.2889633344803
2022.001984620194,1724.3333,-297.668732667069,1831.734210284742,2561.748,730.013836590258
1486.7807399251676,1847.2207,360.4399631998324,2151.1222104702147,1719.0228,-432.09938332177717
1724.658234490678,1552.315,-172.34329308442807,1942.0324973435643,2074.0725,132.04001242206073
1063.2814798875786,1587.7426,524.4610738233589,1876.311750416659,1923.2349,46.923112864591076
982.6205199718718,1125.3065,142.68599858281573,1741.6459763499693,1899.122,157.47597189221824
1038.476682518947,1112.765,74.28833212949053,1742.190515423099,1794.1136,51.92313203783851
979.5707196227531,988.5573,8.986592388965619,2042.976092446011,1759.7189,-283.2572203756986
970.2849769021703,934.6592,-35.62579721467034,2010.3268807440902,1905.2982,-105.0286629706527
964.822402896907,920.16315,-44.659255924250715,1564.6811972407509,1978.5262,413.84504787643664
899.0764350990195,910.505,11.428569783793023,1876.793908765586,1665.0524,-211.7415406015234
926.8476763984997,859.4688,-67.3788653633435,1647.8056580360012,1784.702,136.8963683311863
945.5736580346595,858.88696,-86.6866951440345,1925.0941662703037,1698.3009,-226.79326294999123
1173.8014209011592,958.51886,-215.28256103787794,2023.3159510922972,1825.7664,-197.54959367042215
1343.2330370290933,1131.8723,-211.36072257596834,1873.1982881721106,1942.3961,69.19782999195195
1199.3063556266015,1322.7773,123.47098812339846,1517.429818365191,1888.9725,371.54271581449643
1375.4402534470316,1292.8005,-82.63971633765664,1860.7175441837253,1580.3491,-280.3684230899753
1385.8808883237093,1440.4459,54.565034527853186,1168.327533478693,1877.6552,709.3276178884944
1704.999428929245,1436.447,-268.5524074448699,1222.1067849278302,1290.4897,68.38296116591982
1892.063845340753,1663.8667,-228.197146122003,1131.7557775379248,1355.0934,223.3376062511377
1731.5488713762998,1834.211,102.66218819401274,1200.220385521552,1223.3981,23.17768576751041
1648.2893649330103,1712.0696,63.78021514511465,1499.5548643160732,1161.8805,-337.67437115201074
1808.667433541978,1629.173,-179.49445990916547,908.728998537428,1285.1072,376.37817919694703
1874.9812390968223,1723.3876,-151.59366585463476,793.442649664298,970.1985,176.75583666382704
1951.4407035649324,1812.5426,-138.8981010258699,726.4695555605189,836.0611,109.59154063088738
1937.3300119315381,1883.8975,-53.43255099403814,931.8585601749434,717.8528,-214.00577697181836
2185.20320919285,1906.7065,-278.49666622409995,633.5550268006485,634.6218,1.066799371226466
2234.169038930971,2034.4652,-199.70382897003356,635.1497099025764,619.6495,-15.500234804920183
2261.659640701073,2145.8245,-115.83517781044793,606.9857088899246,620.7416,13.755868258512919
2633.0368149390383,2201.1748,-431.8620102515383,712.3897474976226,621.4092,-90.98056781012258
2190.1978927454775,2382.6855,192.48765412952253,859.6403229102947,652.2413,-207.39905093763844
2214.5170404537284,2198.2961,-16.22089787560344,1177.4412641567158,761.0426,-416.39866161765326
2828.6898578851487,2187.6392,-641.0506977288987,1411.9830260941633,964.12195,-447.8610778519758
3356.124678708705,2424.7246,-931.4000693337048,1481.5261561295572,1308.7618,-172.7643153092447
2120.2698236703895,2856.6223,736.3524907827355,2226.4199616982046,1518.1624,-708.2576081825796
2355.699977182588,1961.7966,-393.9033463232131,1736.391915406405,1959.7732,223.3812779529701
2290.3248848743337,2250.1536,-40.17132042120875,2552.3343817767163,1813.1855,-739.1488349017163
2446.0006808208523,2224.6104,-221.39032925835227,1885.1628742187534,2374.7085,489.54562187499664
2721.838100182571,2334.9553,-386.882777916946,2731.462149746358,1845.3479,-886.1142493557331
2166.059357666331,2488.5542,322.4948415524191,2828.529140112212,2495.2815,-333.2476459715872
2697.7394339489456,2094.878,-602.8615042614456,3385.074021575843,2742.2407,-642.8332989195928
2371.2977339819095,2303.1145,-68.18323202878446,2341.165734308129,3275.0188,933.8530645199962
2410.6432328566266,2203.7798,-206.86344770037658,2937.5554851728143,2170.7092,-766.8462566571893
3139.1184619601877,2233.3977,-905.7207568820627,2359.5175354294993,2809.4653,449.9477966017507
2040.62047880501,2541.3054,500.68494111686505,2444.2848605280205,2271.1924,-173.09247771552054
2015.0481036282572,1911.9307,-103.1174395657572,2130.042146109943,2372.9922,242.95004139005687
1403.8160831220403,1209.4192,-194.39689366891525,2245.8459433980534,2102.4224,-143.42358011680335
1212.6440869097514,1252.2141,39.57002441837358,2676.9485016463063,2152.3623,-524.5861969588063
1276.2665005390295,1128.5348,-147.731710499967,2337.3681985683666,2393.2556,55.88741666600845
1297.7865529866456,1158.4552,-139.33135279133307,1961.1915650067453,2255.1636,293.97200921200465
1191.3255477507093,1172.0184,-19.307115133521847,2346.264849907212,1943.049,-403.2158997118995
1034.7571649129159,1113.4886,78.73148254802163,2014.4784445506994,2141.145,126.66657498055065
1101.4128977914283,998.2004,-103.2125193734596,2499.7129888744034,1973.531,-526.1819830150284
1253.9248894853818,1108.2538,-145.67110530569425,2184.4108930415327,2232.8638,48.452876489717255
1651.4452269401468,1237.9208,-413.52445057295927,2477.871413221062,2121.8442,-356.0271749398121
1883.2248109814354,1515.4537,-367.77107562987294,1809.709327446816,2305.03,495.3207018500591
2312.6795955956295,1800.956,-511.7235409081295,2423.561901330637,1728.4895,-695.0723993775118
2278.390477972197,2213.2673,-65.123143987822,1489.3982631661663,2243.4485,754.0502231619587
2656.1533399144782,2255.5671,-400.58620124260324,1464.48251496893,1491.6508,27.16824186700751
2565.736805423611,2569.595,3.8581652795141963,1372.7264215592,1551.074,178.34755305017507
2471.6487815002433,2513.5815,41.93276146850667,1331.2135253898896,1419.6995,88.48593750073542
2636.7051721598427,2428.4917,-208.21347294109273,1547.8543757292662,1301.2407,-246.61365307301617
2865.2809334957005,2543.8972,-321.38371669882554,1000.5321832773094,1386.7593,386.2270940664406
2952.745022090495,2726.6777,-226.06728771549479,938.5924165714424,1024.7723,86.17992229574509
3041.241261670177,2835.46,-205.7813007326772,874.132000342293,939.0644,64.9323917475507
3458.26653868395,2845.2998,-612.9667339964499,1167.4754303951477,824.91345,-342.56197824671017
3267.224546658808,3110.0454,-157.17913650255787,1287.7786706246206,1047.7671,-240.01158078087064
3209.7527050628432,3062.4697,-147.28297850034323,1213.2117902473474,1151.8864,-61.32543770828488
3492.4118872250906,3015.4055,-477.0063696469656,1072.6314972081593,1118.6056,45.97409361215318
4199.687148627859,3159.635,-1040.0521388622337,1002.7435138496484,1026.8601,24.116593572226634
4141.899397922364,3608.005,-533.8945151098642,1207.3972287914212,961.83044,-245.56678445548368
4054.6354465727236,3695.775,-358.8605442289736,1434.6376316592352,1066.7296,-367.90801740142274
3842.0661036199213,3652.7747,-189.29144541679625,1558.8939877809578,1220.2399,-338.6541196168953
3894.9609271579498,3447.3687,-447.59227481419975,1420.1813758646756,1516.092,95.9106651509494
3989.741969327561,3460.77,-528.971949796311,1204.733382293064,1504.8673,300.1339272772484
3405.50938390496,3458.1226,52.61317468878997,1939.74851120082,1327.8438,-611.9047612008201
3580.922701327685,2898.3098,-682.61288687456,2020.2492374251794,1669.9681,-350.28109777674194
3297.4288282320017,3124.4045,-173.0242872163767,1799.7258549610845,1962.367,162.64108839829055
2847.9853900834246,2866.9226,18.93721733845041,1863.1158658711636,1814.5623,-48.55361001178858
2529.0996218330065,2522.9673,-6.132336676756495,2044.392742948516,1850.9066,-193.4861267375784
2911.5197679505222,2267.7622,-643.7575609192722,1924.0233813477487,1988.5848,64.56145751943882
2819.0839830647647,2443.985,-375.09887564288965,2002.9309605383926,1893.9401,-108.99089706183008
3110.159735701033,2428.8997,-681.2600774979078,2142.5408472695844,1957.8322,-184.70869394927195
2565.210270616487,2612.1562,46.94597938351308,2562.127537513948,2052.6426,-509.484959388948
2395.725375495096,2274.0928,-121.63260205759616,2039.6455845320556,2382.0364,342.39079242106936
2709.0222163482013,2164.0505,-544.9716792388263,2846.3272402652156,2068.179,-778.1482851870906
848.7835570252254,821.2035,-27.580065814287877,2256.661331057047,2377.952,121.29057323982806
790.0539264022829,792.8023,2.7483807266233953,2914.9562676631817,2225.7542,-689.2021172725567
741.0463769378989,748.3879,7.341501480069837,3021.334430478364,2552.1023,-469.2321355564891
806.076846326059,716.5455,-89.53137513465276,2422.5315039711945,2776.153,353.6215722006805
784.1361505677285,756.2231,-27.913067071634714,2251.633296492768,2391.1914,139.55810975723216
790.4892689180531,752.74286,-37.746410031334335,2154.5159267230915,2231.546,77.02997171440848
764.9227102954733,759.65906,-5.26365267828578,2266.264042574224,2100.621,-165.64294882422382
752.8607867469011,819.5604,66.69963805778639,2179.839657658494,2167.951,-11.888729924119161
900.3031817378201,838.5733,-61.72987851516382,2361.809448019287,2116.6877,-245.12170387866217
1748.0072495668014,937.91724,-810.0900132386764,2310.884480172352,2220.9739,-89.91060321922714
1681.6179281365453,1423.221,-258.3969808709203,2109.42493555457,2182.9553,73.53038671105514
1887.3642857668485,1642.088,-245.27627307153602,2210.130220170111,2097.9238,-112.20639204511099
1830.1095325791307,1876.8228,46.7132213271193,2083.4897871922194,2150.8188,67.32906046403059
2221.2139308352057,1831.3563,-389.8576075930182,1807.4145367532024,2047.4536,240.03907652804764
2200.304305594503,2144.4749,-55.82945207887815,2171.841819762915,1809.394,-362.44777679416484
2469.66543661213,2167.0322,-302.6332100496302,1920.7735928973968,1911.1815,-9.592074342709338
2167.6882114130917,2388.7039,221.01564600878328,2257.247078970048,1823.0197,-434.2274256497353
2350.8722586119484,2149.805,-201.06732697132338,1470.5768328958404,1971.2583,500.6814678854096
2264.679056796432,2295.282,30.602925625442822,1750.1030838036006,1434.3505,-315.7526199364131
2637.468226971633,2224.5574,-412.91085392475816,1698.1723099128867,1595.6459,-102.5264358894492
2970.417834010032,2406.1255,-564.292345728782,924.7444122408605,897.3935,-27.35091858851672
2318.4981443189376,2669.981,351.48281271231235,858.5527306639032,872.6341,14.081363574378088
2973.5855905835915,2305.71,-667.8756296460915,829.2775330306932,836.3813,7.103753590400515
3206.0295501891123,2600.886,-605.1435638609873,728.3854726104421,803.8352,75.4497324676829
3423.537743508038,2863.0457,-560.4920892111631,655.9447497586973,731.1862,75.24146850302145
3537.930156347015,3089.5222,-448.4079395501399,693.4322849182856,669.80383,-23.62845191047313
5060.77094908018,3207.1978,-1853.57319517393,762.8722240058506,673.7279,-89.14431873241313
4519.216779385488,4000.4521,-518.7646309479878,877.1825940587904,780.03766,-97.14493536738416
4073.0129640702426,4052.547,-20.46584492961756,962.859217431201,896.3528,-66.50643422807605
4871.846226753363,3701.2026,-1170.6435900346132,1155.4912831130107,1011.4039,-144.08741348410445
4013.681105539603,4264.7686,251.08744914789713,1133.610973901883,1175.6438,42.03282492624203
2578.323304237987,3543.5872,965.263853965138,1165.046644550888,1249.04,83.993394511612
2161.8764417817165,2304.9639,143.0874254057835,1279.1739188346687,1270.8994,-8.274504772168711
1844.6603700390276,2051.7375,207.0771787890974,1483.1619403983282,1341.814,-141.34797555457817
1608.6549905551665,1742.3455,133.69046842920852,1142.5892881865323,1486.9993,344.40997939159274
1262.8514600883238,1525.6031,262.75168932573865,1230.9883991603165,1176.4875,-54.500850332191476
1404.6097334218036,1193.3013,-211.30846389055364,1521.9587126440204,1241.9453,-280.01340014402035
1434.4314027770008,1288.7727,-145.6586976988758,1332.1730589140454,1391.3739,59.20084245314206
1230.218397407377,1289.7948,59.5764023973104,1370.175920694126,1343.0974,-27.078508584751035
1133.8029919881237,1143.2611,9.458116410313778,1133.7851176894392,1382.014,248.22892039649832
852.1792529414353,861.2271,9.047858874970984,1355.0697986801251,1246.7515,-108.31833383637513
828.0499517789568,799.18463,-28.865320431300574,1390.7866740806369,1305.4142,-85.37248951032439
819.4576901843079,776.17163,-43.28605932493292,1072.5086501935275,1388.3375,315.828874220535
784.9453330301325,770.2558,-14.689534690288724,1305.5587585113524,1224.4235,-81.13529659728988
713.8754297228,750.57227,36.69683590219995,1259.9495959975602,1277.9133,17.96373408056479
910.8090655054531,701.0544,-209.75468318123433,1043.7077387151378,1307.764,264.0562993707997
712.7385219001652,810.8296,98.09106794358479,1118.3720671951717,1190.7875,72.41540839076583
783.0227403414872,799.1304,16.10763075226282,1246.6888109526844,1179.5215,-67.16732657768443
793.8392659611906,850.74884,56.90957437084069,1512.146534633343,1243.9565,-268.189991664593
1192.3683330943693,882.0309,-310.3374493053068,1346.9320573506677,1465.9927,119.06061843058228
1105.6677142375656,1116.865,11.197275996809367,1065.123490694328,1425.8629,360.7394243447345
1418.5434053014785,1178.353,-240.19037795772851,1108.4286225603796,1273.253,164.8244291974329
1576.9142452187605,1427.6233,-149.29095420313547,1082.9498038917823,1292.7129,209.76308673321773
1778.4653019909686,1573.3815,-205.08383226440606,1275.9113241573602,1249.6313,-26.27997650111024
1992.581355746082,1759.1965,-233.38482254295695,1290.4813020971505,1366.0092,75.52785317628695
2322.3274694177467,1953.6929,-368.63459832399667,1135.4814265285793,1281.8903,146.40883226048322
2135.654907109068,2231.32,95.66516125030694,1036.360347666702,1157.7168,121.35644920829805
2357.783028153499,2136.282,-221.5010457316239,1103.289866366245,1022.2867,-81.0031842373387
3077.3489542559305,2316.446,-760.9029093340555,1118.8120561754083,1013.23694,-105.57511769884582
2427.3095015549293,2596.9023,169.59284219507072,986.0840215743524,1057.9164,71.83236026158511
2585.231472387108,2419.8914,-165.34011496523317,1021.5582697198623,947.352,-74.20627997376857
2454.487119733566,2515.54,61.05291932893397,997.1521504944183,950.0965,-47.055653912387015
2377.12435164841,2411.1199,33.995521398464916,937.2989433993324,935.2029,-2.0960625399574155
2480.8534415535196,2344.3613,-136.4921134285196,994.2480992178319,894.0571,-100.19097031158185
2219.5477934977566,2373.2131,153.66534126786837,1011.7804413698864,917.56494,-94.21549996363638
2598.355526138676,2178.955,-419.40044801367594,1042.57762331235,936.3481,-106.22953981625619
885.1849243505654,2352.4734,1467.2884643213097,1171.9660888403387,963.375,-208.59108884033867
443.6215390827842,779.1205,335.4989443156533,1341.0949130852625,1158.8134,-182.28155859307503
526.7618848462477,414.43393,-112.32795540288828,1330.0687054703703,1340.9556,10.886860935879668
326.62818022442656,709.52563,382.89745454119844,1550.5044585685457,1409.9507,-140.55377497479572
1213.891049199393,458.9943,-754.8967559865023,1419.4402519824694,1564.1426,144.70232614253064
1449.6717382339525,2068.0623,618.3905176254225,1458.2974703369057,1507.4116,49.11415075684431
2115.0288678082316,1581.8771,-533.151792612919,1442.7205939240548,1520.0815,77.36094904469519
2761.0213864345214,1972.5347,-788.4867184657714,1796.4222508615237,1472.733,-323.6892186349612
2941.6468086341124,2479.611,-462.0357246497374,1574.5614594559825,1721.1233,146.56183155964254
2275.00513462966,2756.228,481.22289271409,1545.6161047297883,1552.1385,6.522445074899224
2820.9721516986406,2425.302,-395.6701497455156,1420.0296783359984,1529.8564,109.82676697650163
1804.4880768311762,2587.7852,783.2970794188238,1412.086581415437,1406.4883,-5.598300165436967
1550.202503127218,1950.7584,400.55591972434445,1834.3202721253833,1395.426,-438.8942467347583
2065.4840392964097,1632.0901,-433.3939514057847,2443.890323642871,1597.8217,-846.0686683694335
1353.2479164965189,1459.5042,106.25623389410612,2168.4216305535897,1988.0477,-180.3739010614022
1053.3981479435645,1186.3757,132.97758447831052,1460.3028830170906,2125.4102,665.1072732329094
832.7297193465969,930.1461,97.41639881746562,1603.058199929635,1585.9857,-17.072482156197566
725.9888386260627,748.38464,22.395804928624784,1737.0757927938862,1629.9938,-107.0820183798237
670.7444188873461,666.05096,-4.693454531877364,1403.8953485119023,1709.6879,305.7925176990352
640.594245337426,630.51697,-10.077277563988446,1410.4992970305825,1520.6318,110.13253890691749
627.9176027402409,608.7479,-19.16967793555341,1422.5032289036994,1475.4569,52.95368027598806
756.4759380349883,647.989,-108.4869243631133,1869.6744505543481,1457.7316,-411.94288317153564
721.9931507258484,761.64465,39.65150259446409,1339.7374050648043,1654.2157,314.4782931773832
891.5554952176445,799.13995,-92.41554160436328,1776.0665322476625,1413.4318,-362.63476955235
1015.6672918990971,921.5229,-94.14440371550336,2054.487333907927,1683.6674,-370.8199755094897
1249.868017828814,1108.8108,-141.0572268131889,1871.993404606076,1999.8035,127.81006219079904
1280.791622891866,1311.7766,30.984988436259073,2147.5699802366416,1977.0026,-170.56741676007914
1503.3162880333066,1345.1675,-158.1488075645566,2508.790863226658,2127.4805,-381.3103944766581
1622.552167032531,1509.762,-112.79020414190609,2290.942329969212,2338.227,47.284720812037904
1541.3336170578925,1617.289,75.95532337179498,3181.9002675545935,2270.476,-911.4241933358435
1666.479594407216,1550.1826,-116.29697721971593,2322.285766332197,2572.4783,250.192505152178
1752.789439090561,1621.6891,-131.10035217649852,2433.315453129635,2289.0146,-144.300804692135
1759.6405178172633,1707.3356,-52.304946528200844,2656.2057480979647,2318.573,-337.6327500510897
1742.6098263915346,1743.8842,1.2743288819028749,1982.7265070746175,2405.7534,423.02691089413247
1693.8183337083374,1749.4224,55.60402957291262,576.488551348659,581.9419,5.45334318259097
1634.8041395361681,1727.2002,92.39605577633188,546.4245140861746,584.9462,38.521713941169196
1502.5230541912952,1690.4135,187.89039795714234,525.8380452608109,552.6395,26.801481106376627
1570.008945517062,1599.7573,29.748378701687898,599.2422679671196,543.95447,-55.287800193682074
1748.4131764923072,1600.438,-147.97518821105723,619.654548010026,577.87634,-41.77820523658852
1933.1684980224493,1686.0676,-247.10087106932428,747.2796815367263,595.2102,-152.06947645860134
3037.544201248414,1826.0314,-1211.5128291781016,857.9248088743226,670.6491,-187.27569998760384
3272.061839778785,2226.2588,-1045.8030507162848,907.9293337762439,830.84204,-77.08729276061888
3242.7508602799917,2835.05,-407.7008114518667,1462.0365145151864,960.115,-501.92152428081135
3612.391584736838,3006.7764,-605.615217549338,1066.5976817417331,1312.7261,246.12839247701686
3785.394274181289,3282.8474,-502.5468620719139,1856.4426036013692,1189.6539,-666.7886729373067
3169.3651736394736,3517.9785,348.6133419855264,1235.5459008562161,1750.5962,515.0502905500339
2664.6878918046086,3086.4546,421.7666980391414,1689.542849269177,1235.2606,-454.28222915198944
2140.2472973154513,2633.5715,493.3242358876737,1792.6283193609665,1639.3041,-153.32424221252904
1654.1990357548787,2094.857,440.65789783887135,1887.7126708369162,1761.0812,-126.63149407910373
1525.10774382488,1605.2017,80.09391633137011,1491.7676224694956,1882.1321,390.36445760862944
1516.8120604453698,1474.3442,-42.46782216411975,1891.3733235856475,1499.183,-392.19034018721004
1690.4717397977545,1425.1149,-265.356871633692,1383.0965412730534,1746.3693,363.2727214222591
1476.1763245169209,1501.4094,25.233099311204114,1689.1426315845538,1388.6405,-300.5021286548663
1316.2629847583949,1382.8187,66.55574082754265,1436.5607042253177,1557.4358,120.87508679030725
2089.092889248435,1823.0701,-266.02282088905986,1578.6735327010697,1486.851,-91.82258055263219
1548.4924083670476,1736.072,187.57961311732743,1821.463864976523,1546.521,-274.9428688827729
1274.2711196628036,1233.914,-40.357179233116085,1629.331432953856,1700.2413,70.90990005395656
1149.1302644118746,1061.7552,-87.37501538843708,1236.6360323112315,1684.4231,447.7870633918935
866.1551536059302,1000.7347,134.57952656985105,1469.46161224048,1393.4784,-75.98321868579251
847.5907481129045,765.0817,-82.50902203868577,1262.9711238948637,1451.0939,188.1227481754488
800.8836508918858,781.1094,-19.77427589188585,1537.473052573492,1367.2432,-170.22988851099194
1001.3790318418363,793.6035,-207.7755162168363,1537.4546594893195,1467.4873,-69.96735480181951
859.2026907441798,964.17633,104.97363982222646,1706.1081915976838,1542.0985,-164.0096808554963
934.7308913088849,921.3441,-13.386775097947407,1111.9697309436624,1685.1084,573.1386674938376
1013.3231612283412,974.38574,-38.93741904084118,1585.0334199000404,1219.6426,-365.39084177504037
1027.6241638148322,1087.9124,60.28818970079283,1228.8290550722143,1685.3997,456.57060313091074
1085.2030386774875,1101.6206,16.417566791262516,1168.177996592555,1390.9321,222.75413231369498
1340.1886088164272,1140.2075,-199.98108928517718,1028.1338825486828,1329.9253,301.7914104200672
1254.9014196191426,1322.1957,67.29425909179486,953.3293812223911,1169.5483,216.21895862135887
1573.9528763997,1268.245,-305.7078812825125,934.1757203994164,1003.18286,69.00714092870862
1717.7092602337136,1512.6301,-205.07913328058862,817.7259498759842,934.89685,117.17090070995334
1501.4693349596037,1637.38,135.91066992320884,891.3177880766428,822.5612,-68.75656981492409
1755.975841945881,1528.1489,-227.82691616463103,891.9048367308083,834.6668,-57.238027648777006
1693.1348782460545,1640.7236,-52.41124543355454,1080.1496534384264,755.48804,-324.6616163290514
1837.7912408415366,1687.742,-150.0492974821616,993.1271687704048,991.3547,-1.7724934774360008
1897.2563215100672,1772.6348,-124.62155588506721,874.3170595073673,936.6748,62.357745180132724
1696.7959774928559,1850.51,153.71403227276915,881.6981751791077,856.29974,-25.398431526763943
2053.7437859341903,1770.9652,-282.7785759732528,817.912774797396,843.06476,25.15198350338528
2184.1359654056314,1892.7074,-291.4285679446939,779.2436488968397,792.91907,13.675418485972841
2040.4779711877852,2056.892,16.414118655964785,811.6283554138946,758.3578,-53.27056732795711
2230.9252452570217,2047.874,-183.05122181952174,856.9423821592391,766.79254,-90.14984065533281
1891.3939557507947,2128.1975,236.8035540148303,978.8458765837943,880.84296,-98.00292004082553
1988.1920920773932,1949.8555,-38.33662332739323,1110.7705652348386,1003.50885,-107.26171513718236
2181.2751982743534,1987.4253,-193.84990530560344,1097.2928581468727,1145.3146,48.02171704843977
2292.393504162418,2079.2583,-213.13520338116814,1329.2212664621568,1198.4357,-130.7855975168443
2005.3637489004188,2238.4023,233.03859484958116,1242.5420959608316,1414.9741,172.4320251329184
2121.2611548567234,2072.145,-49.11613532547335,1345.5336693743436,1339.5052,-6.028420350906117
2163.014573150206,2110.0828,-52.93180947833116,1368.2288723659176,1403.6133,35.384408884082404
1998.2811271139094,2116.8574,118.5762947610906,1281.6883135863525,1395.4707,113.78238953864752
2264.6713441777524,1970.6478,-294.0235170293149,1154.983269092114,1305.4497,150.46643793913609
2226.868386095359,2048.8193,-178.0490501578588,1209.7720957634447,1169.5891,-40.18298443531967
1967.5557264788422,2068.3782,100.82244734928281,1345.456002160521,1173.9054,-171.55060665270844
1947.8975167707829,1897.0272,-50.870295091095386,1182.8938521168468,1282.8787,99.9848099925282
2200.868508044213,1840.9487,-359.91977757546283,1203.7519745355728,1249.8988,46.1468291753647
975.2532853104602,751.692,-223.56126870889773,1185.9749156204052,1241.2604,55.28546035615727
1004.4242603888026,856.8958,-147.52844740052137,1268.5481213269018,1235.8165,-32.731593006589264
904.5980003915741,896.96173,-7.636269434542896,1382.467583879503,1281.7843,-100.68328212169058
804.7929649979484,862.0693,57.27630990439536,1194.8650608841301,1368.551,173.68596450649488
669.4688566060514,803.0091,133.54023763222983,1103.4226948446255,1316.6633,213.24063523349946
736.5415854339703,691.82294,-44.71864842225159,1344.4168417016222,1230.3036,-114.11325283443466
933.0024009226183,721.2925,-211.70992045386834,1363.1487726733212,1295.5039,-67.64486642332122
1025.422965759351,890.5382,-134.88475775153847,1574.4074249791765,1383.4012,-191.00617986198904
920.3293476951992,1029.9349,109.6055888282383,1566.501974151957,1501.6804,-64.82155423008203
1172.0323682080577,1014.54486,-157.48750736821398,2139.1428403863397,1596.1702,-542.9726743707147
1279.5963764026228,1155.816,-123.78033636356031,1590.0282274601689,1885.7058,295.67758308670614
1372.2477407158917,1338.6957,-33.55206200495422,1562.434707782571,1729.7649,167.33018479555403
1353.570419544157,1435.4775,81.90711951834305,1623.326013099781,1741.4781,118.1521363142815
1454.8841010584313,1411.8,-43.08405223030627,1641.9792213529827,1738.2148,96.23562239701732
1196.9342018616132,1464.0648,267.13061747432425,1562.7882344104744,1729.4675,166.6792948864006
1146.7910458115978,1215.1376,68.34652743058973,1530.0827735059563,1607.1525,77.06969231435619
1336.3629915589067,1156.2147,-180.14826987921924,1415.9239001479136,1515.092,99.16814086771137
1115.1432485506873,1242.6864,127.5431528165002,1407.9675125688138,1405.7363,-2.231184443813845
1168.4013715382239,1119.8315,-48.569828569473884,1286.810159102317,1317.0173,30.207174882058098
1098.6227515971814,1164.631,66.00822984813112,1287.3003163531628,1256.7106,-30.58974506410027
1134.198211454241,1144.958,10.75979635825911,940.2540579478707,943.34784,3.093781407598044
1036.6962898180286,1160.311,123.61474533822138,834.3267039633199,892.6286,58.301897110898835
1163.655331433608,1128.1208,-35.5344818242329,820.7527080889139,819.0846,-1.6681133623513915
1147.7616265251897,1167.733,19.97140570137276,754.0131024293435,791.89514,37.88203917221904
1110.164381610043,1203.9486,93.78422678839456,717.2545975554596,738.58185,21.327250589071696
1091.2779062527331,1191.407,100.12907616914185,759.0476871773665,703.7209,-55.32680094689772
1204.5229591180002,1180.3978,-24.125131969562744,850.6995099516903,718.24524,-132.4542706938778
1239.293084048152,1216.483,-22.810051821589468,943.7534773424801,853.9578,-89.79565263544885
1126.495794983072,1272.7861,146.29033782942793,1025.6805001016196,975.4432,-50.23732383208835
1225.848693886269,1249.3193,23.470642051230925,1033.537269047121,1085.5835,52.04622704662893
1522.9352670305964,1296.3809,-226.55440765559638,1261.829071368041,1136.7032,-125.12582429772851
1306.4629348965457,1596.9888,290.5258346347043,1270.1186005426862,1356.2703,86.15166312918882
1256.1973136338518,1491.566,235.36872640521074,1283.2493247072964,1367.8531,84.60382470676609
1420.322418371986,1447.357,27.034637292076468,1324.7489885066966,1360.2477,35.498692157365895
1373.8718623828067,1518.8286,144.95675089844326,1198.7452994202033,1361.026,162.2807015563592
1522.013715256335,1418.9282,-103.08549260008499,1136.0334456785952,1227.4154,91.38195959484233
1291.3674911591124,1451.493,160.12555083307507,1129.540337260327,1152.6481,23.107734028735422
1378.2364766297596,1341.4552,-36.781276434447136,1312.4212259188898,1115.1852,-197.23604525482733
1163.9378969830523,1307.5486,143.61068700132273,1168.77583138106,1238.3506,69.57475455643998
1069.6482821022407,1167.7224,98.07413000713427,1292.664126488481,1227.0215,-65.64264211348109
1232.1270980998047,842.7916,-389.3354721232422,1172.050615942118,1271.6857,99.63505300319457
1488.7153446220643,1050.9435,-437.7718631767518,1252.8560333482358,1250.2689,-2.587112449798269
987.3584653154554,1220.1653,232.80681788766958,1301.8054887321055,1276.9983,-24.80719771648046
872.1982161673758,958.4767,86.27846840293671,1159.231483337793,1329.1558,169.92427838095705
986.2602667831817,869.2811,-116.97913885349419,1053.6366326426037,1279.6962,226.05953434958383
900.3523258159177,904.898,4.545684437988598,1336.5187640222578,1189.2449,-147.27389097538276
1080.4590998616256,873.2699,-207.18920240068815,1328.405167835058,1264.425,-63.98011900693291
1066.6395280703975,1047.3228,-19.316774164147546,1553.883639298299,1353.609,-200.27463050923643
1117.0734181591897,1110.2318,-6.841606635752214,1634.5236233512503,1472.0103,-162.5133694450003
1139.8943526743096,1165.1473,25.25298619287787,2059.9865098985683,1626.8622,-433.12432728138083
1712.1444281420293,1204.4691,-507.67531193109176,1561.8486093568354,1880.1028,318.25417384628963
1744.755339357843,1638.0234,-106.73190185784301,1543.7922325060665,1720.2427,176.4504432751835
1449.4603606413305,1746.4934,297.03304756179455,1507.1128823514762,1725.0125,217.89956882039883
1492.900822555752,1477.9988,-14.902043258877029,1582.760123836998,1658.8073,76.04712713956451
1387.3490607222707,1492.4258,105.07672052772932,1502.6196749618255,1672.0167,169.39704867098703
1393.3374988512164,1370.8671,-22.470433421528924,1467.3598610331926,1545.3135,77.9536155293074
1680.8311428121312,1376.7432,-304.08797874963125,1393.9007471760383,1452.4297,58.528940323961706
1630.9571555356838,1538.7366,-92.2205832700588,1404.8215685084322,1363.3158,-41.505772609994665
1549.665986015103,1579.6552,29.989165352084456,1322.1753388706386,1301.9208,-20.254562503451098
1464.1749566120002,1574.3951,110.22018498956231,1287.8372875018329,1275.5798,-12.257453517457861
1442.8635669980354,1518.0508,75.18721425196463,436.71331481810194,410.19196,-26.521359251695685
1384.2335599985197,1492.9618,108.7282319936678,402.57082485778034,414.2342,11.663367036750913
1526.1946028358805,1458.038,-68.15663896869296,415.69618759234675,428.32095,12.624765776793879
1756.4658339249258,1507.9817,-248.48414447180085,405.92886901699137,424.2736,18.344721070899254
1334.2640408506286,1643.7838,309.5197726259339,393.3764153774083,419.21014,25.833728665560443
1333.3047585094473,1459.5592,126.25444559211519,433.2781455400977,416.9808,-16.297341096738307
1455.663044327475,1416.5906,-39.07246815560006,420.58642415750427,437.53662,16.95019693624573
1485.0458890464529,1451.8411,-33.204824593327885,543.475345914721,487.02393,-56.45142013347095
1394.4452360791336,1505.6198,111.17451489742894,660.3887869311261,576.1204,-84.26836456784486
1559.8548039364994,1484.627,-75.22785081149937,864.8279326268382,680.23517,-184.59276416980697
2239.69963686658,1562.0007,-677.698904444705,1354.0395225055272,860.5445,-493.49502787662095
1702.3399702112436,2027.9211,325.58117236688145,1718.7600081576065,1375.2319,-343.52807456385653
1680.1980227661466,1824.5361,144.33811004635345,1969.1748647064423,1756.5883,-212.58660787050485
1816.6584842274901,1825.0736,8.415124170947365,2129.728603478047,2052.1157,-77.61288082179681
1806.4790185197016,1858.5615,52.08250491779836,2208.5115687119755,2220.8423,12.330716444274458
1808.7729767850813,1800.5546,-8.218411355393755,2338.6169694010446,2276.2634,-62.35354166666957
1279.302326697627,1780.7125,501.4101977164355,2298.363587385427,2373.1033,74.73968409894815
1322.7752452652605,1385.0438,62.26857797692696,2171.084294106197,2340.3862,169.30193636255308
1197.9388318880922,1298.1744,100.23560658847032,2029.641211351598,2222.4944,192.85317341402697
1310.3958821133165,1158.1393,-152.25659988675397,1732.1219973170928,2075.9294,343.8074460422822
912.9965831179381,890.33307,-22.663514270281894,2041.5232655592654,1820.4924,-221.03083391864038
925.9587649590536,855.4415,-70.51723663874111,2186.750816034674,1936.7228,-250.0280377143613
857.6057095840187,869.5209,11.915164439418845,2216.600439881494,2082.388,-134.2125004283689
868.3836169044228,825.97797,-42.405650595829,2151.335497730478,2159.2026,7.867138988272018
901.4506909509313,821.23413,-80.21656009155629,2589.611160750272,2138.3345,-451.2766880940221
1022.0552809416713,839.6,-182.4553053557338,3050.9519580183364,2330.9048,-720.0471728620864
939.8458938743975,914.6139,-25.23200227283496,3031.806265741339,2672.5457,-359.26061144446385
1147.5906312121606,994.21265,-153.3779847277856,2914.5149690031826,2832.201,-82.31404126880761
1243.076920834324,1138.7678,-104.30909856869903,2725.96541267348,2792.4683,66.50284904527007
1370.2386940736517,1271.3766,-98.86210715958919,2564.651461977895,2592.519,27.867580990855004
1460.6393352898624,1403.4076,-57.2317425164249,2053.6107906053435,2419.6523,366.0415531446565
2253.753206129095,1533.1039,-720.6493242931574,1812.8648324872365,2012.2855,199.42068997370097
1783.6266411781571,2021.3497,237.72309026715538,1456.0936267891616,1809.8044,353.7108165702134
1819.0573419292236,1743.8434,-75.21395814016114,1116.8599403585433,1442.1968,325.3368369852067
1919.5913886075,1822.7925,-96.79890813875,1713.8366292469539,1096.9773,-616.8593343250789
1946.414262015676,1876.0345,-70.37971611723856,797.390792081632,1447.4497,650.058914949618
1902.6406909813647,1904.3108,1.6701000342602583,840.0735412923734,814.1101,-25.96343387049842
2099.224672687289,1881.6542,-217.57049788260156,836.3543353720759,869.7998,33.445469315424134
2077.2230826017044,2013.5211,-63.70196443764189,789.4577398171134,818.36334,28.905602468042844
1992.049151869252,2024.9072,32.858074693248,728.2677022909451,779.6578,51.39007358796118
2031.8524646336127,1998.8739,-32.978563266425226,942.629719807257,921.32825,-21.301472736944447
2094.7846052330055,2009.8263,-84.95831128769305,995.0345538009375,886.03485,-108.99970272671874
2026.7432682974338,2050.7488,24.005510999441185,859.5007990052654,918.00616,58.505365545515815
1999.413641748429,2030.6235,31.209893407821028,1023.432609568828,836.52637,-186.90624238132796
2243.6035680425553,2001.2319,-242.37163444880525,855.6691547913061,930.2399,74.57077440791261
2260.2763552635965,2105.8904,-154.38597440422154,834.5233004273555,841.68774,7.16444371326952
2351.0732017621344,2174.1682,-176.90498887150943,918.480852252511,811.9629,-106.517961627511
2331.6178625581983,2246.6714,-84.94647583944834,1062.7589232097407,933.3448,-129.41413561208446
2427.6311764207817,2256.4458,-171.18537563953169,1609.3361835773958,1077.7473,-531.5888691242708
2263.7948497529837,2312.4663,48.67145884076626,1687.9215493961835,1432.2227,-255.69889314618354
2374.0666318809167,2191.7444,-182.3222471152917,1084.3091860654274,1693.6227,609.3134945986351
2186.336905880032,2310.2039,123.86695154184281,1204.188866943774,1154.8453,-49.343530029711474
1956.3655166247734,2178.121,221.75557712522664,2242.0496539314727,1266.5924,-975.4572467049102
1960.451594370521,1981.229,20.77740953572902,1608.562151350829,1890.7461,282.183942399171
1855.8697027652252,1936.7218,80.85209899258734,1600.651529653889,1511.2549,-89.39664684138893
1795.0091788789982,1791.2656,-3.7435538789982274,1547.2169044719444,1602.3296,55.11268537180558
1652.256329329615,1710.6333,58.37697145163497,1482.5772250122184,1518.9716,36.39433260496912
1740.7553768852586,1579.1454,-161.60999114307106,1347.1994218624209,1473.2078,126.00834180945412
1485.2787759594812,1587.632,102.35318204833129,1751.1973419552992,1376.2843,-374.9130401974867
1479.2872246743634,1430.727,-48.560173893113415,1750.2931491053796,1545.8943,-204.3988619960046
760.9926325906154,737.6431,-23.349505149209108,1483.4125710666754,1692.0371,208.62453830832465
815.9224816978183,719.4627,-96.45977417828703,1465.1675908199993,1578.2968,113.1291621096882
698.6117676170084,762.9278,64.3160277931479,1509.2234920914136,1531.4395,22.21596103358638
969.1060060224887,697.47107,-271.6349366865512,1839.7744627836114,1542.499,-297.2754393461114
749.9899680944621,851.3,101.31001969850661,1492.6866891703287,1704.1769,211.4901907124838
774.6314063759631,750.53424,-24.097165653306888,1318.6424832031616,1594.7609,276.11838105465085
746.5075948037594,748.9613,2.453708907178111,1465.086250226454,1444.7719,-20.314399640516513
808.2887552499864,806.43463,-1.854123902330116,1427.1369891405768,1468.3458,41.208836054735684
975.1904781570926,868.0991,-107.09135706334257,1396.9623306543476,1480.7911,83.82880704096488
1144.7049428683065,999.48175,-145.22319238002524,1658.3261820560758,1484.4454,-173.88074748576332
1117.332498429271,1152.5952,35.26271641447897,1630.6688901644197,1622.2366,-8.432317898794736
1749.4945150191897,1227.0889,-522.4056478316897,2083.4152500238492,1736.0977,-347.31759377384924
1671.536403336765,1653.4806,-18.055812516452534,2145.227950955911,2014.9343,-130.29362478403618
1705.8933591659036,1673.312,-32.581347447153576,2269.272673589007,2138.5305,-130.7421560108819
1582.8928682372568,1723.307,140.41413859868067,1799.118927618587,2248.1257,449.0068048032881
1668.8334807605013,1589.6829,-79.15061943237629,1936.1982079738082,1910.7345,-25.463710903495667
1661.0785818539919,1648.3724,-12.706145330554364,1729.3758070565536,1880.5785,151.20268415438386
1778.7613652323098,1637.7662,-140.9951298807473,1608.6698389380122,1735.1879,126.51802727292534
1726.7831787654277,1728.9797,2.1965575626973077,1549.7948336151255,1580.8547,31.059902712999474
1711.7501237083907,1728.0637,16.313596994734326,1402.860155954611,1509.7786,106.91840849851405
1929.4105025367169,1723.2166,-206.19394980234188,654.4748084179189,659.2459,4.771102226612356
1930.8404869390242,1826.9983,-103.84219592339923,1815.3075286345106,635.52466,-1179.7828704313856
1864.6851023295326,1903.0167,38.33162130327992,765.3078892437063,1503.4152,738.1072718891062
2020.719533704014,1894.943,-125.77654053995161,660.7796377705109,714.724,53.94436125292657
2188.014005560273,1960.445,-227.56905927121034,648.4688125987849,620.3491,-28.119691505034893
2412.2662708764574,2077.6096,-334.6566517358324,681.5653808896626,595.9904,-85.57496340919386
2134.226346749885,2242.1543,107.92795012511488,797.1766214109167,636.22974,-160.9468850827917
2231.365095312882,2148.4631,-82.9019605472572,920.2427802287673,792.8421,-127.40067817798604
2212.1089000493366,2176.2412,-35.867689111836626,949.298678649957,927.95966,-21.33902288823822
1997.18572771908,2162.1086,164.92291485904502,1110.6809335515754,1021.8706,-88.81032808282544
2157.6171428047674,1989.3472,-168.26997483601735,1032.274519952503,1142.6,110.32545563343456
1917.9326095870788,2135.7886,217.8559646316712,1112.9728438915436,1169.1188,56.14593052251894
2163.071662964008,1960.7313,-202.34033972182033,1578.240524993859,1228.291,-349.949509368859
1613.778931996498,2085.322,471.54308948787707,1108.2521197836943,1548.726,440.4738323647432
1613.669810153989,1652.0872,38.41734804913608,1234.9291234111554,1140.0752,-94.85392809865539
1737.6964518296097,1584.0476,-153.6488444077347,1382.4239698196125,1258.9634,-123.46059091336247
1364.3197923604534,1598.3511,234.03128185829655,1271.1373224621,1364.4027,93.26538749883753
1480.152740047992,1359.5463,-120.60647539955448,1397.8091812681453,1294.609,-103.20017247908277
1163.1579716463607,1372.059,208.9009883145768,1376.7822584607588,1385.3448,8.56259017205366
1182.4172234783268,1150.6292,-31.788073087701832,1667.1167352695154,1407.1292,-259.9875848788904
895.1822546289551,927.73175,32.54949585932616,1794.8525260885237,1534.7004,-260.15208663539875
865.5260354343856,857.3334,-8.192661410948062,1795.1079540808282,1710.3802,-84.72770505739072
837.7885276514652,828.19977,-9.588759585058938,1440.9672099285365,1792.1637,351.196486360526
909.4016178862969,802.3641,-107.03754317926564,1504.8590136947191,1588.3173,83.45824704746838
1008.9037195600704,840.71796,-168.18576301710164,1481.9379048328262,1567.9828,86.04488325311127
1057.0922149893108,905.4954,-151.59679262602958,1835.613252800402,1549.7474,-285.86581627696455
1155.516887482881,954.2843,-201.23258572506847,1894.3622830362933,1689.4574,-204.90488557535582
1324.2702889527477,1137.3175,-186.9527840699352,1689.4385448770752,1837.7246,148.28606449792483
1268.589564971092,1317.2218,48.63223678672057,1462.3463167181153,1767.8027,305.4564176568847
1450.068922808531,1356.7238,-93.34516792571844,1210.0433793288437,1578.1263,368.0829634445938
2009.2343945397377,1477.6686,-531.5658154381752,1444.835362558883,1318.0474,-126.78799927763293
1405.8388187970481,1900.9032,495.06437944513937,1522.6985482187179,1575.0665,52.36798010159464
1640.7348143693625,1415.8623,-224.87250968186254,1514.1803108511294,1609.2609,95.08055340668307
2112.009204078469,1634.2858,-477.7234374769064,1582.1170343653177,1595.9819,13.86489922843225
2702.9791281742832,1957.9769,-745.0021994633457,1432.350823802549,1614.6526,182.30176408807597
1851.4173799692674,2487.6018,636.1844266713576,1509.5292164430518,1450.5438,-58.98539320086434
2030.7969183669645,1740.8124,-289.984540437277,1600.7281560641072,1437.9548,-162.77332207973222
2297.151810011809,1983.1146,-314.0371859883717,1718.6063636843955,1484.5618,-234.04459610627055
2060.167260183596,2177.8416,117.67429255077877,1438.500799587762,1573.9517,135.450860568488
2265.2584658026917,2082.5142,-182.74430564644172,1229.6001309155781,1436.0137,206.41354095942188
2248.9255096268303,2173.2312,-75.69430845495526,599.9944174917462,598.84894,-1.1454795034649123
1926.2446402597857,2187.5598,261.3151741933393,1762.6624252873842,586.5642,-1176.0982163030092
1991.5163859495678,1984.9633,-6.553129113630348,702.3974343431114,1520.4119,818.0144308912636
1811.478445635702,1983.3068,171.82831705961053,607.2509595307424,675.2262,67.97523675832008
2109.48357067644,1847.6449,-261.8386732155027,602.2833385065577,579.5117,-22.771619756557698
2057.3432587322445,1977.0875,-80.25573431818202,651.4005754700202,559.6368,-91.76379568486391
1920.7337748920909,2010.3702,89.63646436572162,727.5731631234208,608.94684,-118.62632474451459
1726.8017231379115,1934.3151,207.513340338651,876.0711248897496,743.5985,-132.47261414756213
1926.8610975704325,1780.3683,-146.49281143762005,858.1904410514353,883.47076,25.28032310872095
1956.7666787737967,1885.5942,-71.17244049254668,1053.748533781993,953.7746,-99.9739366140243
3065.7140511946905,1915.9138,-1149.8002328353155,978.6110568283028,1072.0618,93.45071074982218
2208.8944571400043,2480.559,271.6646248912457,974.5480318480959,1119.0476,144.4995755737791
1871.137037868946,2187.424,316.287034396679,1547.8193833096723,1109.1669,-438.6525131924848
1804.1718668735327,1988.0686,183.89673664209226,1062.8573836436176,1505.9879,443.1305313954449
1586.4210783264439,1860.8794,274.4583162048061,1198.3323071153661,1086.6954,-111.63687254505362
1593.2877655756397,1622.8865,29.598709033735304,1271.851515946734,1222.5406,-49.310866532671525
1630.6507730633505,1563.8201,-66.83070470397547,1212.198090514603,1268.1595,55.96145538383439
1199.917155120585,1527.8462,327.929036285665,1339.7036301822643,1231.4589,-108.2447678775768
1423.758319199537,1209.2119,-214.54640513703703,1279.4631169684528,1326.0352,46.57203928154718
1204.896503279238,1263.4055,58.509014298886996,1288.9207812139239,1333.4739,44.553095739201126
1596.9784056044145,1615.0582,18.079821934647953,1146.013972379262,1338.6082,192.594181917613
1183.050474788591,1408.6183,225.56781134422158,1180.9807005579814,1255.6697,74.68897717639356
862.0019984146154,1027.7809,165.7788853744471,1219.9654831011821,1244.3309,24.365449516005356
759.8827135524103,747.3659,-12.516807790691587,1288.2651995462738,1265.1814,-23.083803061898834
613.3695056908954,684.91943,71.54992790285462,1241.5819265327402,1315.5759,73.99400120163477
682.2766611306797,574.4941,-107.78258154083596,1493.7971035496428,1320.2737,-173.52342190901777
625.3363236773431,647.01373,21.677409232813147,1813.6901603470542,1417.8527,-395.8374992142417
751.3239999771665,657.16534,-94.15865573888527,1600.7081907927027,1634.4457,33.73748791823482
630.8995620194348,769.46704,138.56747899619018,1388.834211657509,1667.7317,278.89747779561594
666.3311322066204,737.9849,71.65379210978585,1154.9059510823229,1521.8986,366.9926084879896
774.0386265053103,761.30206,-12.736563517029026,1376.6107362158393,1286.8746,-89.73610242677682
765.8662029906243,908.5309,142.6646807984382,1457.7060546335838,1523.5912,65.88513188985371
858.619767205836,903.43494,44.815169317601544,1461.7764985752683,1565.284,103.5075590419192
922.9169740198647,973.05975,50.14277939810404,1503.3093600498614,1562.5676,59.258266903263575
1136.205853744111,991.63983,-144.56602220114223,1375.0987639341656,1564.1956,189.09679270645938
1138.0514233462832,1167.6611,29.609709466216827,1382.8019711993666,1402.8535,20.051544425633438
1505.8517206839779,1172.1024,-333.7493036917904,1537.0136557180872,1353.9666,-183.0471029837122
981.0765189885547,1367.8055,386.72902300363285,1697.535562780064,1411.3289,-286.2067053581891
1097.4507069629547,1040.8392,-56.611473564517155,1382.3526413011023,1530.1276,147.77492217546023
1189.2185040948295,1085.2776,-103.94091620420454,1178.8209473318716,1392.2313,213.4103759103159
974.9161015962862,1147.7457,172.82962594277626,855.8267026311356,796.3188,-59.50791601004187
1199.7579456310164,1084.809,-114.94898567007886,782.0315521212391,799.46967,17.438113406104662
983.9460920195787,1141.3933,157.4472185272963,745.9035298321564,757.6656,11.762058546749813
1193.4976723473037,1091.7087,-101.7889321129287,689.647161887742,728.6768,39.02965695991429
1126.0188542604044,1153.504,27.485174059908104,715.6339873666384,693.30334,-22.330642640075894
1189.143242346969,1182.0555,-7.087700354781418,734.6930017623084,696.2384,-38.45459844199593
1190.468768933703,1227.1915,36.722759386609596,806.1116878422,710.013,-96.09868735391876
1061.5026196655442,1246.3347,184.83209713133078,849.7182183175768,828.0252,-21.69301079804552
987.1877053541024,1186.0138,198.82608859121012,893.0692737505907,910.8445,17.775208671284304
826.987590394241,1143.9396,316.9519848010715,1131.0294282033046,977.18787,-153.84156199236713
941.4581562884459,989.3781,47.919956504522816,1187.4381795150764,1145.6648,-41.7733845932014
906.7746212951009,1164.9158,258.1411501892741,1209.5234749500958,1294.4705,84.94698403427924
800.9734428206009,1107.797,306.8235542497116,1350.0698843861385,1317.554,-32.51592930801348
836.2736828808522,1000.4459,164.17223997071028,1621.9436551871922,1407.8174,-214.12627237469223
768.4302988669618,993.9509,225.52062886741317,1858.3300526386977,1613.0562,-245.27390029494768
812.6480357204671,850.0522,37.40414933812667,1728.3813348539136,1837.1185,108.73719541952391
895.1756748414788,819.7708,-75.40486185319753,1722.4863496644625,1743.9175,21.431130804287477
708.6543301353506,830.9286,122.27425873183688,1667.222272355574,1734.1262,66.90394834755102
1056.5748084864765,749.43915,-307.13566053725776,1703.1553691261981,1689.5283,-13.627048813698138
855.2960073086849,891.0865,35.79047950772133,1480.8110852316424,1708.208,227.39692258085756
974.6330332977276,783.10187,-191.53116562194634,1500.8528675435605,1578.5944,77.74149280800202
971.0442753742785,868.5701,-102.47414597974728,1741.7271563078668,1549.8378,-191.88938775317934
880.2198130741199,886.13226,5.912450109473866,1343.9375713106608,1654.9835,311.0459491971517
945.6333184101144,847.8039,-97.82942436714563,1426.188570562498,1465.5251,39.336575921877056
990.0133843492323,874.6926,-115.3207573961073,1221.9045048028186,1476.9244,255.01993367374394
1387.550899743336,914.1446,-473.40630745817975,1288.9532510271051,1338.4081,49.454830027582375
1582.8612608430244,1137.8402,-445.0210508820869,1367.237395695516,1343.3027,-23.934661320515943
1990.9238998855974,1480.4009,-510.5230209793474,1339.2200971958287,1390.308,51.08788620260884
2268.0609423455285,1855.4917,-412.5692431267785,1302.8150962444352,1399.9438,97.12875141181485
2531.2670189570918,2209.8464,-321.42058341021675,1434.7443490249902,1398.0065,-36.73787929842774
2480.2905839759933,2502.8042,22.513615242756714,1510.0165360204019,1469.332,-40.68450477040187
2650.2135423155714,2508.5798,-141.63370833119643,1514.0313581990224,1634.5128,120.4814591837901
3375.129025577158,2635.2297,-739.8992892490328,1651.661003517455,1656.5281,4.867072654420099
4134.858479979398,3162.4976,-972.360921385648,1659.2199733893312,1736.2203,77.00036352473126
3818.0631797791457,3935.297,117.23393936147932,1585.8906510105778,1736.7053,150.8146712550472
3053.8073284217844,3712.7336,658.9263141563406,1478.064259673359,1621.3268,143.26252255320355
3159.2234561692876,2888.8848,-270.3386905442876,1316.2724992095373,1504.4578,188.18526446233773
3228.7958170550787,3108.295,-120.50089518007871,1256.649741448784,1345.4071,88.75736304340353
3056.372465971883,3113.2437,56.871186371867225,1364.8965250019191,1220.1227,-144.77384433785664
2927.6049786434332,2877.9631,-49.64184387780824,1424.6968979323306,1251.7961,-172.90075535420556
2663.5086753882106,2726.7559,63.24718398678942,1570.6907270470958,2041.3695,470.67877978884167
2828.442593168092,2455.9949,-372.4477201212171,1315.7568560137554,1093.8993,-221.8575640215679
2692.0900332099086,2558.5825,-133.5075136786586,875.9136680854424,1066.5212,190.6075721489326
2672.424608461516,2452.5376,-219.88701080526607,674.0579500272835,680.5287,6.470736496154018
2917.7888951307204,2436.0505,-481.73835802134545,567.7583060905669,574.1695,6.411188538339388
2765.054711205349,2588.8499,-176.20485768972412,605.6903406687956,530.5717,-75.1186243602018
2965.4100805912763,2511.9485,-453.46159426315126,612.698314838276,614.7232,2.024890728130231
2891.7656759742426,2656.8455,-234.92021698986764,640.5903262294079,658.8081,18.21777923934212
2622.8795823888236,2625.374,2.4944410486764355,718.9215175419023,704.1528,-14.76874654580854
2533.2733832362246,2390.3142,-142.95917425184962,672.1865838151875,787.1611,114.97448796215622
2689.0924529924687,2306.9956,-382.0968475237187,806.3580245765868,787.9498,-18.408195475024286
1809.3742054404374,2469.69,660.3157359658126,857.8784198742433,955.9793,98.10088920778799
2028.3601246915682,1710.2488,-318.1113453946932,905.6191615361151,994.943,89.32383162794736
1853.5514913902766,1966.4655,112.91396271128588,1088.7427306949692,1021.99414,-66.74859006996917
1808.9611692305393,1790.0416,-18.919543253976826,1037.1868071282815,1146.0502,108.86336377015596
2374.980105500508,1709.262,-665.7181426098832,1376.3705289285715,1100.6438,-275.7267301004465
1446.2959921454815,1942.7234,496.4273965263935,1050.8244708170523,1369.3315,318.5070721516977
1376.2583726783205,1387.7529,11.494557009179516,1076.0494145240912,1114.6616,38.61220656965884
1269.1769612242294,1335.0732,65.89628096327056,1030.1896621200567,1108.5143,78.32462010650579
1195.709428967761,1203.7565,8.047040758801586,1011.6655176050924,1088.3278,76.66224118397008
844.5908814232766,689.0217,-155.56915290765164,956.3125460374308,1074.2595,117.94697544694418
865.3795362035255,783.3205,-82.05904059805675,1056.798758601719,1047.1991,-9.5996619220316
702.0011047149299,800.46967,98.4685608124139,1241.3413120727053,1072.3671,-168.97424664301775
739.8863243534788,714.3577,-25.528597302697563,1245.3618839926387,1183.9083,-61.453558797326195
1138.4670534639733,708.6332,-429.83387475303584,1142.2825624956072,1267.3276,125.04507422314282
1216.845555613688,954.70844,-262.13712055509427,1144.320163763797,1250.0349,105.71474834557807
1186.4496830149112,1049.4598,-136.98984414772372,960.527412522783,1228.179,267.65154255534196
1151.6861381791086,1209.5931,57.90700146932886,1081.5522414944942,1119.3956,37.84338838831832
1369.4070457526402,1234.7634,-134.64361801826522,958.2709660178657,1130.6846,172.4136042946343
1398.2604588125398,1372.3774,-25.88301740628981,884.7580293001657,1095.3289,210.57082812170927
1729.8384213952409,1461.5538,-268.28458838742836,1133.675925806012,1018.4768,-115.19911916538695
1651.7623907619122,1741.8291,90.06671080058777,918.1808054511649,1314.5842,396.40342306446007
1856.376878244285,1694.0634,-162.31352375209758,1117.5261269331418,1123.7106,6.184444355920732
2095.21491598258,1841.2792,-253.9357411778924,1193.701243785332,1272.1747,78.47343883185545
2343.731040336048,2036.177,-307.55403838292295,1030.232190036646,1303.7675,273.5352660180415
1773.7688537938554,2264.764,490.99506222176956,1097.5200697676064,1141.2231,43.7030747636436
1887.6918147842932,1714.597,-173.09476888585573,1057.8557370203516,1093.2504,35.394629190585874
1913.2412632110513,1841.6,-71.64128762511382,1027.7470221157528,1056.8363,29.08928159518473
1993.2344231256768,1863.4047,-129.8297600397393,1112.1193496232222,1010.0927,-102.02663722087846
1706.6096778817396,1934.7399,228.13019028232293,1252.898450391355,1002.8225,-250.07594062573003
1645.2114845026285,1773.7793,128.56781237237146,1427.2852572547827,1817.5792,390.29396637802984
1883.8341015703902,1698.1469,-185.6872509844527,1240.6047498089026,1079.5111,-161.09364141046512
1806.7807035171606,1794.201,-12.579653712473146,842.761474555396,1039.7368,196.97534185085397
2094.2025762389408,1819.5585,-274.64410455925326,684.4805034562596,686.41534,1.934840782021638
1917.1788102231371,1956.5354,39.356590167487866,631.0558256592461,599.7745,-31.281350561589875
1629.0186532421872,1931.3914,302.37270417968784,646.2937512343321,595.3854,-50.90837525776965
2122.3376853667246,1727.4641,-394.8735740385996,681.6591225482866,629.9619,-51.69720848578663
1943.9411237106895,1892.6875,-51.25362371068945,749.1548009972886,709.11755,-40.03724728635109
1545.6467280362215,1929.939,384.2922368075285,816.4317411070385,795.70575,-20.725991595319783
1797.090860067236,1623.0911,-173.999795614111,722.0261239228719,886.4965,164.47039707322187
2379.423531846821,1759.6425,-619.7810757921334,872.8574316903773,854.5903,-18.267160694283575
1481.6498469175622,2161.5154,679.8655339418128,891.8652893327297,1022.6066,130.74133908523902
1553.4206170016257,1587.0377,33.617102724936785,1031.380784099119,1024.8972,-6.483567302243955
1737.004516722408,1681.4833,-55.52124035522047,1310.3923929728899,1126.8541,-183.53826699632737
2045.6267484889668,1741.7043,-303.92240278584177,1076.2831600713614,1336.1307,259.8475772333261
1964.527802178053,1841.6677,-122.86007756867798,1465.82352994294,1131.4906,-334.3329293570025
1380.9642843080005,1886.771,505.8067117857495,1153.3223784563666,1441.8491,288.52674263738345
1317.8149359127021,1458.8889,141.07398010292286,1152.0046445342507,1196.7482,44.7435244110618
1137.197008610405,1308.0782,170.88123845990754,1110.9004674402154,1187.1807,76.28019662228462
1167.946446734064,1113.934,-54.01248677312651,1025.4147015952753,1167.186,141.77133356097465
776.4374131882261,706.08075,-70.35666367650731,1054.3555155895358,1116.3412,61.9856709339017
729.3740648608152,724.51886,-4.855204997533974,1237.7932806708345,1111.2548,-126.53851992864702
701.6690201642322,711.65204,9.983018409986585,1331.8076502505828,1188.5929,-143.2147547427703
779.0455928649008,693.10876,-85.93682821646325,1220.2286556440304,1307.751,87.52232091846963
786.1237504232148,723.0681,-63.0556351888398,1243.5817809387197,1307.2327,63.6508850769053
907.0982621844945,742.745,-164.353267067307,1327.504133234008,1309.7059,-17.798200616820395
1063.128856195688,818.32733,-244.8015246527193,1427.2717581173254,1353.1198,-74.15200714076286
1385.7133038200839,1024.4448,-361.26847960133387,1522.7810455886818,1432.8219,-89.95914617461926
1143.494864286299,1296.8416,153.34668844807607,1324.0123244168522,1519.8188,195.80652323939785
1108.4282783651513,1253.5371,145.1088310098487,1153.389029502121,1441.5717,288.18262577131645
1461.8830381982093,1220.5715,-241.3115049950843,1306.8962487588867,1283.4113,-23.484993876074213
1663.586677685222,1490.7756,-172.81104291959696,1141.4689438876408,1467.3282,325.85930318267174
1594.023629075807,1671.3982,77.3745642835679,1025.004384015404,1325.8047,300.80030348459604
1459.0948608006743,1634.1765,175.08165287120073,1083.1062801000614,1203.272,120.16569255618856
1675.9502031977825,1481.5111,-194.43909479934496,918.9771185033323,1200.3364,281.35930727791765
1622.1194512203294,1635.7704,13.650934521858062,1073.234236566478,993.068,-80.1662434024156
1439.8657779081118,1596.3667,156.5009213106382,1069.5117865851255,997.3904,-72.12140572575049
1436.3356309679577,1447.505,11.16937391485476,1038.3763094609913,992.7871,-45.58920008599125
1458.4797220636813,1425.4545,-33.025254290243765,1002.4761385913193,962.5817,-39.89441251710059
1393.7367974704018,1451.5332,57.796405654598175,1164.3033741497368,913.59784,-250.70553479426803
1528.0120409676522,1436.2406,-91.77144038171468,781.3140547067305,741.5276,-39.78646681610553
1476.455884181868,1495.6295,19.173632419694513,704.7061428310941,733.5832,28.87704808687465
1525.290109427968,1514.2357,-11.054391654530491,668.3884853430432,695.0817,26.693240731175592
1468.4027412286953,1547.0284,78.62570115411722,617.2510085681137,665.67615,48.42513889282384
1759.41661015511,1535.8263,-223.5903162097975,606.4592172055048,633.5439,27.084667071838908
1461.2985846286783,1647.743,186.44445736350917,647.2947155704234,611.9001,-35.394630121204614
1407.0378038776269,1564.0029,156.96512580987314,685.7348695247241,634.5714,-51.163458391911604
1505.8758619215102,1500.8209,-5.05493906994775,716.3247536456518,722.0979,5.773146744973246
1507.045096865512,1517.8231,10.77802325167545,710.3374494263601,784.7583,74.42085135488992
1662.4056055545411,1559.8171,-102.58846688266613,968.4277917816237,813.9755,-154.45226687927993
1529.7849762836927,1655.151,125.36602469286981,1023.5061129156347,981.8982,-41.60791955625973
1401.7336595921654,1665.0182,263.2845288843971,1067.5267302488467,1138.7205,71.19372873552834
1629.4267657862981,1574.0682,-55.35852848161062,1238.1718739967873,1189.7618,-48.410033176474826
1455.0331446689913,1687.4841,232.45098619038367,1501.5757374179143,1312.6163,-188.9594044101018
1328.542387710787,1569.6029,241.0605175626506,1724.478547218829,1516.2029,-208.2756663594539
1278.233528215894,1403.0103,124.77672569035599,1727.3513324340136,1730.2744,2.923081628486443
1281.6065231636867,1283.9624,2.3558791800633117,1659.7335193936274,1755.5363,95.80273548918512
1139.7302143074724,1230.0034,90.27320366127765,1595.3773599753238,1697.0487,101.67134607936373
1170.3300704873693,1104.1062,-66.22386931549431,1672.0791525544146,1637.7552,-34.32390353097708
1299.0740486548766,1098.1108,-200.9632088111266,1416.1819082022103,1666.5299,250.34799902435225
848.0721142708826,849.34674,1.2746264517736563,1434.9489428714364,1525.5486,90.59964111293857
865.5421337116045,803.4795,-62.06264152410449,1677.1910622136324,1492.267,-184.92409444019495
792.0072535919496,820.87933,28.87207990414413,1363.8177816374205,1592.0208,228.20297031570453
792.7499434460399,774.38965,-18.36029500853988,1361.2933204336816,1476.3251,115.03175280850587
835.6030271327733,761.8719,-73.73113992574201,1153.4522328231694,1444.0566,290.6044078018306
969.7614389236174,783.6085,-186.15291841580495,1217.6501350570197,1283.013,65.36280439610528
866.9092203280752,865.39075,-1.5184732577627074,1324.9651480129005,1279.9235,-45.041686098838
973.273477082636,935.2516,-38.021890168573464,1306.5685170319296,1338.8031,32.23458355400794
1179.8369654405888,1018.6111,-161.22588145621376,1226.192391496075,1364.0269,137.83446397267494
1232.7208568792712,1181.2557,-51.465119574583696,1329.9082449731986,1333.8319,3.9236642064888656
1336.9572414651047,1293.7257,-43.231533457292244,1486.9463334381574,1385.0697,-101.87663128971985
2126.3502614214535,1431.256,-695.094279976141,1405.5971947635176,1605.184,199.58676519741994
1609.3163579549005,1923.896,314.57963813884953,1534.9658587314043,1571.897,36.931113924845704
1640.894436610728,1583.7671,-57.12734676697801,1490.7298691986764,1645.5237,154.7938124419486
1740.9471888565397,1654.6106,-86.3365931534147,1453.4504328937608,1599.3068,145.85632980155174
1741.1724150495943,1709.6683,-31.504080088656792,1342.262360155361,1488.1315,145.86910957120153
1708.7321948959495,1716.9437,8.211530689987967,1070.9896551936615,1374.137,303.1473076969635
1912.6237297047605,1698.8539,-213.76984786882304,1032.090224683979,1143.8635,111.77330070664607
1853.2041683033312,1832.7609,-20.443304045518744,1075.8049840004694,1012.5585,-63.2465123207819
1883.5129015272921,1839.5968,-43.916099769479615,1073.2410205222266,994.253,-78.98802979957031
1845.691212544925,1871.6301,25.938914408199935,680.6901287230271,666.587,-14.103153625370851
1903.4850668431486,1863.0533,-40.431722116586116,649.4519062397703,650.71906,1.2671489360109263
1856.352424010249,1894.366,38.013542786625976,656.1336463462749,643.89215,-12.241495467368622
1791.2938377881037,1885.1334,93.8395850634588,742.7145866294877,640.5984,-102.11619795761271
1905.877724844136,1838.6469,-67.23087425819858,696.5914831645603,699.57513,2.983651112783491
2103.8073514812713,1877.0718,-226.73557413752133,694.9050164998202,681.2975,-13.607531148257749
2180.8249360922696,1994.1492,-186.67576617039458,690.9550042421292,682.47736,-8.477648285097985
2087.5497538761083,2098.277,10.727345733266702,717.3180772127001,760.17786,42.85977923261237
2161.1880576829417,2082.6472,-78.54084088606669,848.483433210041,805.6255,-42.85794492879097
2026.5991313396032,2118.34,91.74095655102178,915.9966022531535,909.65173,-6.344868854715969
2178.313211037955,2015.6077,-162.70554502233017,945.864885851811,1002.94135,57.07645936303277
1902.0576784429707,2163.8552,261.79754616640435,1036.512501908702,1089.6965,53.184031294422994
1679.7279196612064,1972.4292,292.70127955754356,1046.7719450529348,1151.7036,104.93166822831517
1750.0026679813275,1769.1163,19.113665026485023,1241.251562519222,1144.7415,-96.51010744109703
1707.584770001843,1762.4883,54.903511248156974,1269.313843850448,1284.004,14.690184469864562
1677.8915298095362,1655.9303,-21.961231957973723,1294.5479629636093,1310.6095,16.06153410670322
1553.6100981458162,1604.8353,51.22522900262129,1370.4980324834007,1327.469,-43.02903834277572
1585.7675411072914,1493.0175,-92.75008505260394,1973.036026581595,1357.7458,-615.29017697222
1372.8108764600302,1467.8019,94.99100342278234,1224.9002371153651,1715.5975,490.69729706432236
1301.8645084911473,1327.1769,25.312371391665238,1187.8785692321574,1329.9202,142.04159678346764
856.4112134949198,861.1197,4.708476446486429,1172.7816397235288,1272.4731,99.69150480772123
836.6176188500418,811.068,-25.549625685979322,1261.1321839989982,1224.8813,-36.250836342748244
786.8809194884867,797.2394,10.358460394325789,1255.6744457896357,1268.6787,13.004265147864317
819.013623891631,760.4214,-58.59223717288103,1267.831188659247,1305.3063,37.47508575481561
888.7861059854114,773.66656,-115.11954104400513,1213.722437185237,1316.8802,103.15781183820059
897.2153312291024,816.87115,-80.34417644394614,1173.7091133138713,1300.5194,126.81029586581622
807.933246872954,835.5234,27.590129591889763,1229.673444806354,1265.5718,35.89833253739607
918.3848841719331,884.4078,-33.977108293026845,1372.2865063464483,1289.788,-82.49854247926078
1044.801583430691,965.95215,-78.84943499319093,2467.052788422468,1366.1194,-1100.933403656843
1170.1972344238195,1085.0878,-85.10946586913201,2029.5496682234932,1908.0814,-121.4682473250557
1196.5539586479854,1214.7029,18.148922211389618,1846.440920835163,1970.1709,123.72997760233693
1608.189771004823,1303.1531,-305.0366948329479,1397.934991359413,1995.045,597.1100525858994
1482.828771729468,1594.8881,112.05928979396958,1267.9128691209698,1584.4644,316.55148634778016
1739.5132278958492,1518.8439,-220.66935582553674,1251.3508774806971,1440.164,188.81306294899036
1829.4935539640478,1722.7642,-106.7293938077978,1275.9118055802987,1377.46,101.54815535720127
1716.8708097781714,1806.5537,89.6829011593286,1100.5427026170257,1275.4178,174.87514406266178
1623.6974113716817,1713.247,89.54953687050579,1124.159142191694,1119.7128,-4.446373637006445
1817.0739947439336,1630.2109,-186.86305724393355,1228.0571627143859,1027.1193,-200.93790001907337
1806.0333996801771,1750.714,-55.319410422364626,1115.067963583803,1069.5618,-45.50619600567802
1663.7256790491688,1786.0828,122.35708462270622,1067.461240666339,1041.9661,-25.49517621321411
1681.4404557394403,1721.3329,39.89243000274723,722.8190068360996,636.06055,-86.75845996109956
1802.5065740087175,1706.6633,-95.84324393059251,686.7249663207617,672.0207,-14.704275402792973
1702.8192997474673,1767.769,64.94974322128269,671.7361415822844,674.8298,3.0936313669343463
1597.2295788217243,1754.6415,157.41190067046318,666.0130303280514,660.05963,-5.95339898039515
1688.6098958615646,1680.7225,-7.88736168187711,685.6448980225418,660.8642,-24.780701245198088
1984.3034408885026,1695.9537,-288.34970553694006,641.1616238682789,668.36224,27.200619784064884
1946.759892183772,1841.4778,-105.28210898064708,693.3094429489879,643.9556,-49.35381550758166
1793.3982572737825,1924.7125,131.31426714027998,823.5930567573474,737.26514,-86.32792003859743
1854.761577687432,1853.1425,-1.619121632744509,900.9395686685102,858.26154,-42.67803302397897
2017.7320451997232,1871.698,-146.0340471528482,1014.0035609731284,959.229,-54.7745570668784
1974.3649262032254,1960.3232,-14.041684015725423,1058.0060094022062,1079.4559,21.449923214981254
1716.1929642200562,2031.3273,315.1343062877563,1073.2968738560733,1190.3582,117.06128044080174
1616.8767394141066,1847.524,230.64730843745588,1167.5085350666957,1196.6237,29.115122159866814
1612.0258534691175,1729.5096,117.48379008557004,1259.7442217770038,1250.9475,-8.796712011378759
1560.8241076066463,1672.6243,111.8001599714787,1338.8851523746625,1309.9174,-28.96779397622504
1613.649038605971,1554.7434,-58.9056304028461,1348.2695372615672,1370.9377,22.668206879057834
1366.8182592575515,1533.5768,166.75852296901098,1343.0391536196346,1370.3644,27.32522626317791
1322.0082485059345,1357.9397,35.93144875969051,1422.5454403192284,1348.9635,-73.58193934266592
1216.2890303005906,1252.8566,36.56753708222186,1384.962102784964,1412.2275,27.265436277536082
1270.7462504939572,1162.0781,-108.66812549395718,1494.2004655701696,1421.8901,-72.31032885141963
828.6548806172302,820.5804,-8.07449731644897,1705.5591488682744,1476.8046,-228.7545834385869
889.6439129141883,781.1527,-108.49120295325076,1862.0712074668434,1609.8264,-252.24479145121836
781.4086946329197,818.4556,37.04693280848653,1580.3670072416212,1776.5105,196.1434908052538
803.3337155870868,760.1328,-43.20090308708677,1422.647586015071,1690.0818,267.43420109430394
812.4896411791693,767.9056,-44.584062565888075,1373.6527942349624,1557.0804,183.42765010097514
813.2447296607883,773.2643,-39.980447434225766,1499.7040493986,1475.7253,-23.97870760172509
810.6789062189678,775.7443,-34.93458248849902,1740.2203209131274,1513.3756,-226.84471056156485
903.3591370555386,860.8185,-42.540655610226054,2039.517370220534,1651.4342,-388.0831661189716
918.2466891821259,951.6614,33.41468777099908,1702.0536466447886,1867.2789,165.2252840192739
1072.3014604435862,1006.4633,-65.83814257249242,1428.1777562961927,1761.9624,333.7846460475573
1224.2701434487826,1113.377,-110.89319032378262,1413.4004474130477,1527.6427,114.24225278226481
1108.7743581487177,1310.2615,201.48711646065726,1521.5360941461784,1564.5736,43.03751425225914
1203.0327091294537,1212.6462,9.613531104921321,1384.2467184724517,1615.0736,230.82688992598582
1564.321539130351,1263.4387,-300.8828184272261,1450.3430911193368,1495.886,45.542895208788195
1537.3658395680516,1514.8027,-22.56310519305157,1437.223958404458,1498.5253,61.30131015022948
1524.4467044445896,1535.6262,11.179516258535386,1354.6312295713901,1391.8677,37.23644620985988
1490.059536941391,1530.699,40.63943766798411,1215.4031180512638,1305.8656,90.46248253467365
1676.4975094150732,1484.5717,-191.92585414163568,1309.2303357884941,1193.1234,-116.10692270255663
1568.2877960904937,1614.9241,46.63627617513134,1222.8819247237986,1199.7432,-23.138760661298647
1371.6278702130007,1606.9323,235.30438076356177,1276.1518355236517,1167.5819,-108.5699263439642
1342.1115360296862,1479.209,137.09744834531375,61.880104643317004,66.86372,4.983619111565808
1470.8730665170615,1416.7096,-54.16347179049899,55.66776336863189,68.24991,12.582145078633737
1478.0635668526586,1456.4514,-21.612150837033596,61.96512361670774,136.09802,74.13289884422976
1258.121520581999,1504.3982,246.276672777376,90.69268340702412,174.64328,83.95059662227276
1302.561465593708,1386.1277,83.56621995316709,100.55100201293425,265.83984,165.28884173706575
1410.8438468433933,1365.2051,-45.638768718393294,130.80328547722698,282.90775,152.10445988410115
1274.762336376807,1414.0177,139.25536381850543,109.36269983882543,295.4588,186.0961014307058
1201.8259698636239,1376.8497,175.02376158168863,123.72495201551548,377.6557,253.93074866807825
1326.0273110539367,1311.5781,-14.449186053936728,175.25605161150642,382.70544,207.44939272443108
1518.6169083007867,1387.407,-131.2099258789117,329.72563694772725,419.54004,89.81440211477275
1519.6021904055476,1509.3965,-10.205706030547617,491.4697366525223,654.7671,163.29735319122773
1441.9104691571122,1647.931,206.02056111632533,1002.7947332473875,841.1436,-161.65111752473126
1437.066622740395,1612.8813,175.8147249158551,1172.6637333013884,1297.3154,124.65169638611155
1548.988170016153,1588.9104,39.922230374472065,1365.5351020512278,1350.4015,-15.133612793415296
1325.355110743792,1634.2412,308.886100193708,1396.0575760746692,1499.9176,103.86002646439329
1415.1276792726248,1435.7661,20.638434008625154,1532.2448858764103,1532.2827,0.0378289673396921
1213.3573056848973,1395.8073,182.44994529166524,1598.5744612489639,1621.299,22.72448894634863
1091.6300892572099,1243.1613,151.53116562560263,1600.76786374765,1648.8274,48.059528830475074
1144.1136252023691,1080.1823,-63.93137422580662,1476.837092470913,1659.1685,182.33136456033708
1241.0735680276487,1071.1919,-169.88167349639866,1451.372747995145,1571.2975,119.92473735641761
1238.743631910334,1079.8433,-158.900370191584,1648.8944861405184,1511.1084,-137.78608770301844
1174.3043474805254,1113.9962,-60.308131660212894,1740.963631875064,1587.7168,-153.24683500006404
1312.4115920143372,1091.471,-220.9406447487122,2182.374503898736,1703.8214,-478.55309276592334
1189.0911772530544,1173.7507,-15.340444831179411,2214.8732247845273,1930.2632,-284.61004119077734
1329.844902002363,1116.8864,-212.95854946330041,2354.4903667998747,2131.4119,-223.07850156549966
1266.4429610112504,1193.5332,-72.90975788625042,2961.3379452553695,2267.0273,-694.3106015053695
1227.053913413579,1172.3846,-54.66926985889154,3399.6991753942634,2569.7715,-829.9276910192634
1173.824169765866,1276.2252,102.40104996069658,3280.630427163192,3013.743,-266.88750724131705
1368.970422075599,1258.0624,-110.90804414591139,3160.740819337209,3139.7166,-21.024266602833904
1594.6936813441705,1377.7067,-216.987016305108,2770.350584872104,3025.4045,255.0539561435212
1798.722668731677,1566.5349,-232.187756622302,2645.3367644309837,2636.758,-8.578707790358749
2054.157656804692,1802.2754,-251.88226617969212,2773.649377417715,2561.6245,-212.0248656989652
1909.345902772425,2019.5541,110.2081743760125,1818.5048972173563,2597.8108,779.3058937982687
1907.4301511085282,1910.73,3.2998293602217927,1642.1105094028012,1706.2877,64.1772103237613
1894.8895964740714,1902.5118,7.622244346241132,1534.0953661888107,1635.5791,101.48373537368934
2118.9799896028308,1865.8213,-253.15870054033076,1147.9720928810498,1467.7228,319.7506854392627
2527.139310391933,2039.3984,-487.7408728919331,1055.416033222941,1114.074,58.657941386434004
2094.20494115217,2335.3386,241.1336818947052,718.317445404646,1009.9793,291.6618636773852
2022.6967314494764,2059.4297,36.732956050523626,507.08037846590486,691.04193,183.9615526864389
1927.9072207259378,2026.3982,98.4909726334372,488.8607716358665,493.37195,4.511176606320987
